TradeDate,Account,Security,ISIN,Side,Quantity,Currency,Price
2026-05-27,1001PF,AAPL US,US0378331005,BUY,1000,USD,210.25
2026-05-27,1001PF,MSFT US,US5949181045,BUY,500,USD,458.12
2026-05-27,1002PF,NVDA US,US67066G1040,SELL,250,USD,1320.5
2026-05-27,1003PF,SHOP CN,CA82509L1076,BUY,800,CAD,98.4
2026-05-27,1004PF,AMZN US,US0231351067,SELL,150,USD,192.75
2026-05-27,1005PF,GOOGL US,US02079K3059,BUY,600,USD,176.3
2026-05-27,1001PF,META US,US30303M1027,SELL,400,USD,522.1
2026-05-27,1006PF,JPM US,US46625H1005,BUY,700,USD,245.8
2026-05-27,PF1001,BABA US,US01609W1027,BUY,600,CNY,125.4
